n_samples,p,m,complete_repetitions,sequential_median_seconds,sequential_mean_seconds,sequential_stdev_seconds,parallel_median_seconds,parallel_mean_seconds,parallel_stdev_seconds,speedup_median,speedup_stdev,efficiency_median,accuracy_min,accuracy_max
5000,1,1,3,1.47551287,1.4651205256666666,0.03147437463818217,1.464826899,1.5318152163333334,0.12039376112582378,0.979414701992029,0.06024639084075459,0.979414701992029,0.963,0.963
5000,2,2,3,3.056543079,3.041530433333333,0.051372456331548126,1.761972947,1.731800953,0.07186353010036246,1.728874670287662,0.08350668760233483,0.864437335143831,0.97,0.97
5000,4,4,3,5.980508592,5.980201279,0.11833979176979126,2.047859242,2.253242114333333,0.423074097289187,2.862358901325309,0.42524442641128385,0.7155897253313273,0.97,0.97
5000,8,8,3,22.839445021,30.592290549333335,20.001828353285585,9.760649701,9.418799216333333,4.525281816770299,3.3023043546787165,0.7749522298850107,0.41278804433483957,0.97,0.97
5000,16,16,3,31.618305572,30.965267471666667,1.8202291351014446,9.448358156,9.399094283333334,0.4127524340486327,3.3080099243414605,0.06206843935456119,0.20675062027134128,0.97,0.97
5000,32,32,3,58.049910791,57.10405261366667,2.871889403498837,16.46669961,16.483046530666666,0.98042926980333,3.4735931518439047,0.0635530993122052,0.10854978599512202,0.97,0.97
10000,1,1,3,3.466496964,3.425555871,0.09046663285653739,3.360724465,3.349237329666667,0.02379150648359938,1.030130228015557,0.03146492474130517,1.030130228015557,0.969,0.969
10000,2,2,3,7.214879268,7.309905626666667,0.5575855997593733,4.755923666,4.684874243333334,0.22943339749771782,1.6238775699166483,0.11291745396093057,0.8119387849583242,0.969,0.969
10000,4,4,3,12.545237452,13.271012863666666,1.3827657413561503,4.710314967,5.2668734100000005,1.0497808153970993,2.6633542639697536,0.22045773923275394,0.6658385659924384,0.9725,0.9725
10000,8,8,3,26.464407672,27.150082866666665,1.3533079561109236,8.853624138,8.875546718,0.1581067740849538,2.989104490941063,0.20145425602892245,0.3736380613676329,0.9735,0.9735
10000,16,16,3,55.33349746,55.60018116733333,1.5254764413671258,18.128416812,18.000918267,0.501990898060115,3.1064108053013384,0.03168625586184801,0.19415067533133365,0.974,0.974
10000,32,32,3,103.80500468,108.761739887,8.587684665420436,29.844712542,30.301103090999998,2.1308982555316414,3.637836595993966,0.09603559348555804,0.11368239362481143,0.9745,0.9745
20000,1,1,3,6.541927372,6.6467469076666665,0.2804461465074365,6.400192294,5.927067753666667,0.8778932052763493,1.0221454405569772,0.23637806037156203,1.0221454405569772,0.98725,0.98725
20000,2,2,2,9.2175035015,9.2175035015,0.11562586680727924,5.18052659,5.18052659,0.16434555019398367,1.779801518754975,0.03414258955257975,0.8899007593774875,0.98725,0.98725
