timestamp_utc,n_samples,p,m,repetition,mode,elapsed_seconds,accuracy,best_seed
2026-09-27T04:30:09.995492+00:00,5000,1,1,1,sequential,1.475512870,0.963000000,0
2026-09-27T04:30:11.759697+00:00,5000,1,1,1,parallel,1.464826899,0.963000000,0
2026-09-27T04:30:13.327348+00:00,5000,1,1,2,parallel,1.459814912,0.963000000,0
2026-09-27T04:30:14.869846+00:00,5000,1,1,2,sequential,1.429764187,0.963000000,0
2026-09-27T04:30:16.569165+00:00,5000,1,1,3,sequential,1.490084520,0.963000000,0
2026-09-27T04:30:19.508040+00:00,5000,1,1,3,parallel,1.670803838,0.963000000,0
2026-09-27T04:30:22.650117+00:00,5000,2,2,1,sequential,2.984324064,0.970000000,1
2026-09-27T04:30:24.448613+00:00,5000,2,2,1,parallel,1.761972947,0.970000000,1
2026-09-27T04:30:26.207689+00:00,5000,2,2,2,parallel,1.649770165,0.970000000,1
2026-09-27T04:30:29.374356+00:00,5000,2,2,2,sequential,3.056543079,0.970000000,1
2026-09-27T04:30:32.572168+00:00,5000,2,2,3,sequential,3.083724157,0.970000000,1
2026-09-27T04:30:34.470361+00:00,5000,2,2,3,parallel,1.783659747,0.970000000,1
2026-09-27T04:30:40.486501+00:00,5000,4,4,1,sequential,5.980508592,0.970000000,1
2026-09-27T04:30:42.566620+00:00,5000,4,4,1,parallel,1.972064955,0.970000000,1
2026-09-27T04:30:44.724049+00:00,5000,4,4,2,parallel,2.047859242,0.970000000,1
2026-09-27T04:30:50.917939+00:00,5000,4,4,2,sequential,5.861708130,0.970000000,1
2026-09-27T04:30:57.119942+00:00,5000,4,4,3,sequential,6.098387115,0.970000000,1
2026-09-27T04:30:59.898201+00:00,5000,4,4,3,parallel,2.739802146,0.970000000,1
2026-09-27T04:31:22.992168+00:00,5000,8,8,1,sequential,22.839445021,0.970000000,1
2026-09-27T04:31:33.788464+00:00,5000,8,8,1,parallel,9.760649701,0.970000000,1
2026-09-27T04:31:47.681005+00:00,5000,8,8,2,parallel,13.763461334,0.970000000,1
2026-09-27T04:32:41.037305+00:00,5000,8,8,2,sequential,53.309975934,0.970000000,1
2026-09-27T04:32:56.855768+00:00,5000,8,8,3,sequential,15.627450693,0.970000000,1
2026-09-27T04:33:01.711273+00:00,5000,8,8,3,parallel,4.732286614,0.970000000,1
2026-09-27T04:33:34.111961+00:00,5000,16,16,1,sequential,32.368890044,0.970000000,1
2026-09-27T04:33:43.951815+00:00,5000,16,16,1,parallel,9.785003910,0.970000000,1
2026-09-27T04:33:53.552144+00:00,5000,16,16,2,parallel,9.448358156,0.970000000,1
2026-09-27T04:34:25.292877+00:00,5000,16,16,2,sequential,31.618305572,0.970000000,1
2026-09-27T04:34:54.263936+00:00,5000,16,16,3,sequential,28.908606799,0.970000000,1
2026-09-27T04:35:03.463884+00:00,5000,16,16,3,parallel,8.963920784,0.970000000,1
2026-09-27T04:35:57.382466+00:00,5000,32,32,1,sequential,53.878531478,0.970000000,1
2026-09-27T04:36:13.038038+00:00,5000,32,32,1,parallel,15.510892935,0.970000000,1
2026-09-27T04:36:29.550675+00:00,5000,32,32,2,parallel,16.466699610,0.970000000,1
2026-09-27T04:37:27.719884+00:00,5000,32,32,2,sequential,58.049910791,0.970000000,1
2026-09-27T04:38:27.372630+00:00,5000,32,32,3,sequential,59.383715572,0.970000000,1
2026-09-27T04:38:44.962345+00:00,5000,32,32,3,parallel,17.471547047,0.970000000,1
2026-09-27T04:38:48.344083+00:00,10000,1,1,1,sequential,3.321856232,0.969000000,0
2026-09-27T04:38:51.825333+00:00,10000,1,1,1,parallel,3.360724465,0.969000000,0
2026-09-27T04:38:55.227802+00:00,10000,1,1,2,parallel,3.365105566,0.969000000,0
2026-09-27T04:38:58.732221+00:00,10000,1,1,2,sequential,3.466496964,0.969000000,0
2026-09-27T04:39:02.549384+00:00,10000,1,1,3,sequential,3.488314417,0.969000000,0
2026-09-27T04:39:05.912809+00:00,10000,1,1,3,parallel,3.321881958,0.969000000,0
2026-09-27T04:39:12.846131+00:00,10000,2,2,1,sequential,6.805939709,0.969000000,0
2026-09-27T04:39:17.639092+00:00,10000,2,2,1,parallel,4.755923666,0.969000000,0
2026-09-27T04:39:22.713161+00:00,10000,2,2,2,parallel,4.870378192,0.969000000,0
2026-09-27T04:39:30.719993+00:00,10000,2,2,2,sequential,7.908897903,0.969000000,0
2026-09-27T04:39:38.047866+00:00,10000,2,2,3,sequential,7.214879268,0.969000000,0
2026-09-27T04:39:43.333206+00:00,10000,2,2,3,parallel,4.428320872,0.969000000,0
2026-09-27T04:39:55.925064+00:00,10000,4,4,1,sequential,12.545237452,0.972500000,2
2026-09-27T04:40:00.745318+00:00,10000,4,4,1,parallel,4.710314967,0.972500000,2
2026-09-27T04:40:05.473047+00:00,10000,4,4,2,parallel,4.612563877,0.972500000,2
2026-09-27T04:40:17.923155+00:00,10000,4,4,2,sequential,12.402243704,0.972500000,2
2026-09-27T04:40:33.688155+00:00,10000,4,4,3,sequential,14.865557435,0.972500000,2
2026-09-27T04:40:40.208069+00:00,10000,4,4,3,parallel,6.477741386,0.972500000,2
2026-09-27T04:41:08.962030+00:00,10000,8,8,1,sequential,28.708991831,0.973500000,6
2026-09-27T04:41:18.035626+00:00,10000,8,8,1,parallel,8.729545266,0.973500000,6
2026-09-27T04:41:27.130552+00:00,10000,8,8,2,parallel,8.853624138,0.973500000,6
2026-09-27T04:41:53.975938+00:00,10000,8,8,2,sequential,26.464407672,0.973500000,6
2026-09-27T04:42:20.296879+00:00,10000,8,8,3,sequential,26.276849097,0.973500000,6
2026-09-27T04:42:29.653162+00:00,10000,8,8,3,parallel,9.043470750,0.973500000,6
2026-09-27T04:43:26.948634+00:00,10000,16,16,1,sequential,57.241415001,0.974000000,12
2026-09-27T04:43:45.414643+00:00,10000,16,16,1,parallel,18.426865791,0.974000000,12
2026-09-27T04:44:03.641978+00:00,10000,16,16,2,parallel,17.447472198,0.974000000,12
2026-09-27T04:44:57.911099+00:00,10000,16,16,2,sequential,54.225631041,0.974000000,12
2026-09-27T04:45:53.280184+00:00,10000,16,16,3,sequential,55.333497460,0.974000000,12
2026-09-27T04:46:11.463396+00:00,10000,16,16,3,parallel,18.128416812,0.974000000,12
2026-09-27T04:48:10.187116+00:00,10000,32,32,1,sequential,118.677943868,0.974500000,31
2026-09-27T04:48:42.853123+00:00,10000,32,32,1,parallel,32.623220075,0.974500000,31
2026-09-27T04:49:13.277230+00:00,10000,32,32,2,parallel,29.844712542,0.974500000,31
2026-09-27T04:50:57.525771+00:00,10000,32,32,2,sequential,103.805004680,0.974500000,31
2026-09-27T04:52:41.671048+00:00,10000,32,32,3,sequential,103.802271113,0.974500000,31
2026-09-27T04:53:10.168901+00:00,10000,32,32,3,parallel,28.435376656,0.974500000,31
2026-09-27T04:53:16.800117+00:00,20000,1,1,1,sequential,6.541927372,0.987250000,0
2026-09-27T04:53:23.258658+00:00,20000,1,1,1,parallel,6.400192294,0.987250000,0
2026-09-27T04:53:29.765292+00:00,20000,1,1,2,parallel,6.466914755,0.987250000,0
2026-09-27T04:53:36.239288+00:00,20000,1,1,2,sequential,6.433808433,0.987250000,0
2026-09-27T04:53:43.244178+00:00,20000,1,1,3,sequential,6.964504918,0.987250000,0
2026-09-27T04:53:48.379773+00:00,20000,1,1,3,parallel,4.914096212,0.987250000,0
2026-09-27T04:53:57.568142+00:00,20000,2,2,1,sequential,9.135743667,0.987250000,0
2026-09-27T04:54:02.862965+00:00,20000,2,2,1,parallel,5.064316737,0.987250000,0
2026-09-27T04:54:08.560726+00:00,20000,2,2,2,parallel,5.296736443,0.987250000,0
2026-09-27T04:54:17.938773+00:00,20000,2,2,2,sequential,9.299263336,0.987250000,0
